User_ID,Allocated_Bandwidth,Resource_Allocation
8425,411.8105586397856,70.00517223657234
