User_ID,Allocated_Bandwidth,Resource_Allocation
8000,350.5616829244306,59.377725553775
