User_ID,Allocated_Bandwidth,Resource_Allocation
8603,536.8608636599706,74.70884047507282
8353,503.07375100661335,70.71199947877331
7970,701.4993359891208,72.59351772114728
8538,411.77395658908694,71.76404267748757
8568,730.0473749869064,74.01955778567032
7871,761.5015554032703,72.30008788762876
