User_ID,Allocated_Bandwidth,Resource_Allocation
8315,398.98139111191364,60.88054285888777
8287,376.2537863570785,59.15623679320596
