User_ID,Allocated_Bandwidth,Resource_Allocation
7737,411.77395658908694,73.66249940364801
8509,502.97137970685236,71.5813186826616
8455,582.8304321738808,70.40400763548236
7311,435.9888301201781,71.81006013348623
8065,502.97137970685236,71.77043198567884
8291,655.0564787664101,73.5405247763745
8465,461.635441849456,74.45948521672778
7827,543.2327230096005,83.35805784245906
