User_ID,Allocated_Bandwidth,Resource_Allocation
8131,386.081853156439,71.88629455273296
8366,527.4573729213624,72.82697402601973
7601,461.635441849456,72.5434750150456
8667,650.3066370700719,71.68431663926972
8394,658.1032818065778,71.40141168634754
8142,527.3814217502846,72.39371500500789
7656,652.7596597690381,71.1767659658745
7547,539.5584311281447,70.99490148598282
8018,483.20124930793673,71.43061207109656
8246,539.5584311281447,72.09510090777566
7291,644.6009313775415,68.24515303962254
