User_ID,Allocated_Bandwidth,Resource_Allocation
8608,461.635441849456,73.45443364165043
8127,684.791569695212,70.65865425470109
8228,650.3066370700719,73.2783909831692
8228,650.3066370700719,73.2783909831692
7833,701.4993359891208,71.51288739221313
7437,578.4035309657739,71.75585591322019
