User_ID,Allocated_Bandwidth,Resource_Allocation
8131,350.89131067055473,59.90524546061081
7737,376.58341410320264,61.38541616970668
8603,504.06790380943255,62.25736706256068
8353,468.9088444895833,58.92666623231109
8538,376.2537863570785,59.8033688979063
8296,494.33478532470036,58.57966553758909
7990,447.6810790759283,58.47024626867451
