User_ID,Allocated_Bandwidth,Resource_Allocation
7392,557.3292798874373,71.1610848564984
7401,688.3618534501163,73.70065759788235
7292,539.4824799570669,72.7048658625772
