User_ID,Allocated_Bandwidth,Resource_Allocation
8509,468.9088444895833,59.651098902218
8486,649.9477642188651,60.0665214958519
7547,506.4358435314823,59.16241790498569
7970,667.0720516164854,60.49459810095607
8568,669.494470671007,61.682964821391934
7871,696.8447039660248,60.25007323969064
7779,653.5471658435815,60.2876966685949
8682,571.2761583867272,59.3254806149028
7566,638.6371195421184,60.416871694180784
