User_ID,Allocated_Bandwidth,Resource_Allocation
7737,411.77395658908694,73.66249940364801
8509,502.97137970685236,71.5813186826616
8455,582.8304321738808,70.40400763548236
