User_ID,Allocated_Bandwidth,Resource_Allocation
8397,554.1994413167002,70.93157193361418
8397,554.1994413167002,70.93157193361418
8708,607.4442051939492,72.29494717118008
8486,684.5744903080983,72.07982579502227
8226,582.7938301231821,72.26486090208388
7730,386.081853156439,73.76675938319816
7523,701.4993359891208,70.9045845957222
7957,667.6054671239233,72.55513150014397
7917,668.4486658933907,71.21509910356066
7658,658.2431606071801,70.65954590286138
