User_ID,Allocated_Bandwidth,Resource_Allocation
8425,411.8105586397856,70.00517223657234
8000,386.081853156439,71.25327066452999
8034,386.1184552071377,69.80539929147749
