User_ID,Allocated_Bandwidth,Resource_Allocation
8565,668.6779980371311,72.52970087132634
8401,652.7596597690381,70.87506515430208
8315,434.17193359779793,73.05665143066533
7614,702.5456085327255,71.97651927659682
8076,655.4209269638712,72.50437623709585
7745,668.6007974506198,72.4147400693951
7781,554.1994413167002,71.08102304827244
7460,607.4442051939492,72.310524299821
8111,435.9888301201781,72.04152116968105
