User_ID,Allocated_Bandwidth,Resource_Allocation
7358,683.4419188983544,69.79404099823766
8040,690.3145485986222,72.81196055342332
8102,637.3135085311307,65.73395415619828
