User_ID,Allocated_Bandwidth,Resource_Allocation
7392,557.3292798874373,71.1610848564984
7401,688.3618534501163,73.70065759788235
7292,539.4824799570669,72.7048658625772
7472,650.1796762260925,70.7435885202795
8433,638.5283798610452,72.64338524474852
7863,461.635441849456,71.90869453925458
8299,461.8525212365697,70.68537988062371
8625,483.20124930793673,71.25082717209273
